sample,name,mtDNA_ID,dosage
005301a4-1151-4421-9c73-961a7b628b63_gdc_realn_rehead,mtDNA,MT,5904.03
01d7c202-af14-4720-92ad-6c9ab5273e5b_gdc_realn_rehead,mtDNA,MT,5614.32
02b776d9-d5eb-4b34-9854-82d4cfae4751_gdc_realn_rehead,mtDNA,MT,6429.91
0330e749-318e-4de9-9c99-1443594b6360_gdc_realn_rehead,mtDNA,MT,5234.54
033f395d-f27b-4199-a16f-6bd6b18449a4_gdc_realn_rehead,mtDNA,MT,6058.36
03e07184-68da-4e59-abb6-c5b6526c990c_gdc_realn_rehead,mtDNA,MT,5898.77
053bca4b-74e4-4fba-bd0d-7b2c2d678a66_gdc_realn_rehead,mtDNA,MT,6095.25
05856688-714a-446b-8652-d38e94d7ae93_gdc_realn_rehead,mtDNA,MT,6290.96
058ef2a4-a1f9-40ea-ad44-b4e00dc5b014_gdc_realn_rehead,mtDNA,MT,6005.3
0601965e-336a-474e-85c0-398a3c4d7782_gdc_realn_rehead,mtDNA,MT,5025.52
06904d76-38ca-4c2a-8699-a57aacce0ec2_gdc_realn_rehead,mtDNA,MT,6743.62
0699db2f-847c-4944-8b5e-2f2a196d5707_gdc_realn_rehead,mtDNA,MT,4958.92
077dd646-bab9-4a29-8994-105e1a9f6def_gdc_realn_rehead,mtDNA,MT,5021.1
07c72ab1-765a-4cad-a8f5-b219b1df8089_gdc_realn_rehead,mtDNA,MT,5034.58
07f95427-39be-4884-b539-c9f3e329bebc_gdc_realn_rehead,mtDNA,MT,3435.3
0813f7de-f80a-488b-a275-e4636629aca3_gdc_realn_rehead,mtDNA,MT,5848.37
086e890b-cdc3-455e-84a8-66dbfa3aae11_gdc_realn_rehead,mtDNA,MT,6147.78
088964d1-025c-4080-9cc9-11a233abcd7f_gdc_realn_rehead,mtDNA,MT,5831.65
091d8ab7-7cad-4921-b2c2-4304ed611fc9_gdc_realn_rehead,mtDNA,MT,4920.78
09646946-fcec-44b7-8b26-a7ce89012ab1_gdc_realn_rehead,mtDNA,MT,1692.9
0a18b687-11be-427b-82a9-b11d80b0ea3d_gdc_realn_rehead,mtDNA,MT,6643.02
0a8e1c17-5ac8-4509-9741-ec1c59c5cebc_gdc_realn_rehead,mtDNA,MT,4718.63
0d3c1f7c-8aab-4cdb-a652-d873b630de45_gdc_realn_rehead,mtDNA,MT,5736.76
0d6e7057-6aa8-46ff-9e9b-e0ba237eb19b_gdc_realn_rehead,mtDNA,MT,6302.79
0da55f74-bd6d-4b13-88db-20863165b06b_gdc_realn_rehead,mtDNA,MT,4706.44
0daa1a31-b86c-4353-b403-59db8ebcb851_gdc_realn_rehead,mtDNA,MT,5659.99
0ddd82c2-8cdb-4ec0-9c5f-3321f312e962_gdc_realn_rehead,mtDNA,MT,6265.33
0e8babe1-4c15-4d9c-a26b-2ad839cef580_gdc_realn_rehead,mtDNA,MT,6325.63
0ea510ed-4e24-4c5b-ab49-cfef85aedeab_gdc_realn_rehead,mtDNA,MT,6398.54
0f077bd4-3907-4a81-a3df-0c1f5f32ff47_gdc_realn_rehead,mtDNA,MT,5485.91
100406a4-d12c-4ae5-b9ed-b6968f02dbe6_gdc_realn_rehead,mtDNA,MT,6295.49
108339cb-e827-4340-b52d-9b3cbb4e5165_gdc_realn_rehead,mtDNA,MT,5604.95
10e0e7f3-3fc1-43f7-b7fc-7bb6a375d060_gdc_realn_rehead,mtDNA,MT,5524.88
10e22941-6475-4f0b-8288-4e23e58864a6_gdc_realn_rehead,mtDNA,MT,6571.7
1108c8ca-9630-44b9-ab41-f56286b4766f_gdc_realn_rehead,mtDNA,MT,5609.61
1132c05d-00f1-4c3b-a0ed-06a735c82401_gdc_realn_rehead,mtDNA,MT,4774.89
1198fd4b-6d38-4cb3-93b1-9a3b424fc339_gdc_realn_rehead,mtDNA,MT,6318.08
11be0d17-30b2-45ce-8e14-432e0c9a628f_gdc_realn_rehead,mtDNA,MT,5814.61
1228fb38-e5a9-4521-ad83-a67977908527_gdc_realn_rehead,mtDNA,MT,5703.28
12b39ffe-9ea7-421a-af7c-2558fa992d78_gdc_realn_rehead,mtDNA,MT,5652.49
13ed08ee-d7e8-43bd-9ee1-7850140e8210_gdc_realn_rehead,mtDNA,MT,6637.88
14e63f70-0dba-435f-a747-17239a97100f_gdc_realn_rehead,mtDNA,MT,6692.15
14fe760a-b84e-4d6e-ab4f-56fbd5cf93ac_gdc_realn_rehead,mtDNA,MT,5570.1
15f9814d-1a98-4579-9e59-9c4de59ffe01_gdc_realn_rehead,mtDNA,MT,5147.22
1642360c-3217-42ce-b1c3-8a18c77a26be_gdc_realn_rehead,mtDNA,MT,4868.18
169ff044-7e80-475a-8834-bfdb10180992_gdc_realn_rehead,mtDNA,MT,6154.21
170eae5f-f32e-45e5-beda-848a84ad2fb4_gdc_realn_rehead,mtDNA,MT,5721.06
17579b7c-6ebd-4da8-9df5-004a69a7ef3d_gdc_realn_rehead,mtDNA,MT,5367.48
1774634c-c5f9-46b4-bd3d-01c9e520e341_gdc_realn_rehead,mtDNA,MT,5576.62
17d3f67c-7d54-4866-88d5-96272a8b8bee_gdc_realn_rehead,mtDNA,MT,5480.03
1845d6cd-3528-4c1f-819d-c1c39e354dea_gdc_realn_rehead,mtDNA,MT,5914.86
18b2e6a9-0213-410f-ab5d-10e839b4d4ee_gdc_realn_rehead,mtDNA,MT,5561.07
18b7d94a-8660-46b8-8681-323fdfee2826_gdc_realn_rehead,mtDNA,MT,6187.11
19253042-25b5-469d-aa1b-4822f6dd92db_gdc_realn_rehead,mtDNA,MT,5992.81
19b05e39-15f0-4a05-9df4-b0ae1864494a_gdc_realn_rehead,mtDNA,MT,6722.43
1b5ccbbc-977d-4022-9420-30a51dd716bd_gdc_realn_rehead,mtDNA,MT,5699.69
1b9642cd-d963-4251-a929-b499516a3f82_gdc_realn_rehead,mtDNA,MT,5869.63
1bdf64ba-0881-4ab3-a2e6-e8c38d925e45_gdc_realn_rehead,mtDNA,MT,6498.1
1bfdc454-759f-43b2-9c8e-7298efe412fc_gdc_realn_rehead,mtDNA,MT,6366.57
1c0e230e-5838-4cb1-9f48-a5b5173dfd3e_gdc_realn_rehead,mtDNA,MT,5551.23
1efde3b7-5fd9-4fee-bc1f-9cd9f5a3221d_gdc_realn_rehead,mtDNA,MT,6342.12
1f3d2751-c60c-4c2f-bb9f-cc35c05903ab_gdc_realn_rehead,mtDNA,MT,6558.68
201beb6e-8c73-432e-aafd-893e44ad6163_gdc_realn_rehead,mtDNA,MT,6201.65
201d192c-9f30-445a-a0ac-f9534aab9902_gdc_realn_rehead,mtDNA,MT,4810.59
20201e84-9484-4a28-9af6-d229f45c6703_gdc_realn_rehead,mtDNA,MT,4241.09
208ee929-9039-43fb-8177-11631c297103_gdc_realn_rehead,mtDNA,MT,5293.08
21300d10-0c92-49e8-a2c9-f444f3010303_gdc_realn_rehead,mtDNA,MT,5915.45
218497eb-3c64-4e96-bd70-c2cf3d6d9877_gdc_realn_rehead,mtDNA,MT,4989.43
21d1dc59-02bf-46bc-ac59-5ba6a6883595_gdc_realn_rehead,mtDNA,MT,6552.04
21f22a44-fb3b-422f-8d6f-934e53ec5aec_gdc_realn_rehead,mtDNA,MT,4442.31
21fb3492-7e9e-466f-9d98-d5394af5d2d2_gdc_realn_rehead,mtDNA,MT,5336
230fd3e9-44a2-4391-825d-143cba8bcf9a_gdc_realn_rehead,mtDNA,MT,6210.8
23221ebb-100c-4e28-bf4e-0f164a8ed50a_gdc_realn_rehead,mtDNA,MT,5115.09
233446a9-2cbf-4395-9fb4-0660276d9885_gdc_realn_rehead,mtDNA,MT,1593.07
233d824a-5818-41ec-adc9-8464ddc024c1_gdc_realn_rehead,mtDNA,MT,5945.97
2371f879-e2a1-4487-ba2d-a14d40981ace_gdc_realn_rehead,mtDNA,MT,2460.77
23e069a4-9d44-442e-8d49-eb088fb9a187_gdc_realn_rehead,mtDNA,MT,4897.8
24266bd0-b5ba-4168-b9f2-484c74d0b795_gdc_realn_rehead,mtDNA,MT,5713.59
250289ec-46a2-4ce2-84bc-0b6168a1f8b0_gdc_realn_rehead,mtDNA,MT,5096.95
25deadd5-883a-4e88-8016-e337c1cec641_gdc_realn_rehead,mtDNA,MT,4830.55
25fc67f7-eb4f-4a80-b5a8-a89c6e5a9292_gdc_realn_rehead,mtDNA,MT,5016.45
267d0d2e-32c6-475b-b4a6-c3c9ecc57a4d_gdc_realn_rehead,mtDNA,MT,6212.73
269f6d2a-87dc-4fd8-af61-2ab4e6e06728_gdc_realn_rehead,mtDNA,MT,5999.19
284cdeba-e8fb-4e5d-960a-dc45815fd3bd_gdc_realn_rehead,mtDNA,MT,4475.99
28d806cd-95c7-4dfb-a980-1a482bbdf285_gdc_realn_rehead,mtDNA,MT,5190.76
291c515a-0c08-4f00-ad1a-13b6ec6fb982_gdc_realn_rehead,mtDNA,MT,5800.06
2950c941-f93f-4948-97f2-74cf6d5161de_gdc_realn_rehead,mtDNA,MT,4417.6
298d5de5-f66d-47db-8150-908ca70f6f86_gdc_realn_rehead,mtDNA,MT,4684.36
298f6a56-5a1d-4b35-bb8a-e670ea6a0ee9_gdc_realn_rehead,mtDNA,MT,6592.95
29b33845-77da-4a4b-a6e7-7b4aa6a26393_gdc_realn_rehead,mtDNA,MT,5640.14
29d635f0-3db9-4d3a-bae3-7e16de3b6bea_gdc_realn_rehead,mtDNA,MT,6679.57
2a694afb-c9d8-47da-91b1-563685fbdd70_gdc_realn_rehead,mtDNA,MT,5320.99
2a8cf710-6197-4a1c-b7b3-97bbb975c715_gdc_realn_rehead,mtDNA,MT,5782.23
2adbf2eb-6c1c-4624-91ce-86765f2219c5_gdc_realn_rehead,mtDNA,MT,3894.66
2babb909-4d6a-4873-9010-0481cd9d7f67_gdc_realn_rehead,mtDNA,MT,4674.19
2c5bf985-e02f-4319-9060-03903d77629c_gdc_realn_rehead,mtDNA,MT,5569.3
2c652ec1-ee07-4d63-bfb0-cbf9e4013717_gdc_realn_rehead,mtDNA,MT,6101.49
2c95ea97-62f0-4cdf-b5c2-e52f1dba1df7_gdc_realn_rehead,mtDNA,MT,5194.32
2ca0803b-71dc-4910-9307-dd5aeb5c8015_gdc_realn_rehead,mtDNA,MT,6399.66
2cfd1613-48d7-467e-99f6-cb93b233c019_gdc_realn_rehead,mtDNA,MT,5730.23
2d5e614b-ab16-4ff9-bb9a-0c1004890a77_gdc_realn_rehead,mtDNA,MT,5607.32
2d75f728-595b-4489-af45-081055c80a90_gdc_realn_rehead,mtDNA,MT,5524.06
2e9d32f5-a015-4eb9-8284-3bbec9f97272_gdc_realn_rehead,mtDNA,MT,5389.5
2efe4617-99bc-4b18-9159-7739131c8aa9_gdc_realn_rehead,mtDNA,MT,6350.5
2f3322db-f3cb-4a08-b81b-bba1703f55c1_gdc_realn_rehead,mtDNA,MT,5809.42
2f973de3-769b-4ab3-8633-c1eb2f53a67f_gdc_realn_rehead,mtDNA,MT,5290.86
2f9b92f8-8c19-41e3-896c-42f383616055_gdc_realn_rehead,mtDNA,MT,5910.98
3001ec84-0cf6-478d-944d-31477f29682c_gdc_realn_rehead,mtDNA,MT,6233.36
303660c7-e51c-425d-9432-f59b6b427b41_gdc_realn_rehead,mtDNA,MT,6625.95
3053eba0-ea7d-4458-8d90-8529d9d9cd5b_gdc_realn_rehead,mtDNA,MT,6266.04
3072d901-49d8-4081-822b-0c028e9e28fa_gdc_realn_rehead,mtDNA,MT,4741.55
30adccfc-bb00-4b20-9579-2fd4db4cbd32_gdc_realn_rehead,mtDNA,MT,6433.31
3103782a-2847-4a2a-b31f-4e5ea2ed76b0_gdc_realn_rehead,mtDNA,MT,6198.25
319e9480-8717-4ccc-b906-2e42be7db976_gdc_realn_rehead,mtDNA,MT,6148.42
31e494ef-4885-4296-99df-d1583cff7a5c_gdc_realn_rehead,mtDNA,MT,5099.02
31e8213b-267f-48f4-b632-583c52927248_gdc_realn_rehead,mtDNA,MT,5898.45
31f13ffe-59d7-4b49-89e2-020daf75b1ee_gdc_realn_rehead,mtDNA,MT,4253.82
3208ed34-81cc-4419-8bfe-310568b43c80_gdc_realn_rehead,mtDNA,MT,2873.14
32b09cce-1d6a-44f1-8699-7cdf8d6e0fb3_gdc_realn_rehead,mtDNA,MT,5348.44
33cfa2ad-37ac-485c-b721-2da6885ce3f6_gdc_realn_rehead,mtDNA,MT,5909.81
344403b9-e960-4d21-8094-c64c6c21feac_gdc_realn_rehead,mtDNA,MT,2451.53
345bf6c7-2b7c-4ff6-9edf-5eb579ffbe5d_gdc_realn_rehead,mtDNA,MT,5272.79
346dd6ea-76b5-4e01-926d-07832d3a76c4_gdc_realn_rehead,mtDNA,MT,6396.25
35efed04-67eb-4cad-aa21-e1c0ce81db9d_gdc_realn_rehead,mtDNA,MT,6801.06
368ddefd-8538-426b-9015-a3c7f3bb7850_gdc_realn_rehead,mtDNA,MT,3664.91
377df6dd-af23-4337-8713-a5c4955b7d6f_gdc_realn_rehead,mtDNA,MT,5190.02
3798177b-bd80-48b4-a937-c4d4464d482a_gdc_realn_rehead,mtDNA,MT,4851.63
38aa3c95-013f-4010-a5fd-54ff5e4aa728_gdc_realn_rehead,mtDNA,MT,5790.99
38d095ea-9002-42a5-a556-1c751b0405e9_gdc_realn_rehead,mtDNA,MT,5986.88
38dc8f73-a4ec-4f38-a612-11cf1faa1d8d_gdc_realn_rehead,mtDNA,MT,2910.64
39360e12-b82e-423e-97fa-392cbd6cb971_gdc_realn_rehead,mtDNA,MT,5908.15
39b27f76-9e10-4284-b5dc-7b5a554dfe26_gdc_realn_rehead,mtDNA,MT,5770.59
3a5d8a5d-4fd2-41b0-ac21-dfa50eab1dcc_gdc_realn_rehead,mtDNA,MT,5739.1
3b50841d-fd1b-4f40-85db-db97403b3411_gdc_realn_rehead,mtDNA,MT,5134.84
3d2b7c58-6ae8-4199-8782-b4c37b52e757_gdc_realn_rehead,mtDNA,MT,4897.54
3d44d6c3-5dcf-42ee-8ebe-dcdaad30493c_gdc_realn_rehead,mtDNA,MT,1660.37
3e37a585-683d-4c2d-818f-67cb53da7a37_gdc_realn_rehead,mtDNA,MT,6169.59
3e393ba2-b0bb-47aa-80e3-eb78214a3e54_gdc_realn_rehead,mtDNA,MT,5410.66
3ebcd3bb-9188-4c03-a6db-f4b8d191f0f2_gdc_realn_rehead,mtDNA,MT,5740.33
3efc7114-c5a2-4bb6-b6bf-02fafc3573f6_gdc_realn_rehead,mtDNA,MT,5056.27
3f27519d-4cb0-4427-b90e-4b3ed890649c_gdc_realn_rehead,mtDNA,MT,4607.49
3f53a71c-e0a7-442f-92da-4e74f5c84581_gdc_realn_rehead,mtDNA,MT,4561.74
3f574e31-db95-4199-826c-c2f5b1e4332b_gdc_realn_rehead,mtDNA,MT,5703.98
3f612e90-0fe9-4c7c-a686-247472cfe4e2_gdc_realn_rehead,mtDNA,MT,6323.28
3f88026f-3beb-4805-85aa-65b5e5909b64_gdc_realn_rehead,mtDNA,MT,5009.56
3fba503a-4c2f-4909-a094-a9c4882afee5_gdc_realn_rehead,mtDNA,MT,5736.67
4023042c-409b-433f-9c43-c719736a55ba_gdc_realn_rehead,mtDNA,MT,6213
41481131-9b42-47bb-9f05-879007ad423c_gdc_realn_rehead,mtDNA,MT,5673.16
418985cf-3f58-4673-9303-961204e7c470_gdc_realn_rehead,mtDNA,MT,5982.53
4253cc98-350d-4c54-a98c-113d15cf6381_gdc_realn_rehead,mtDNA,MT,5791.07
426159a8-d17a-4770-91ac-578ecdf46b8d_gdc_realn_rehead,mtDNA,MT,5856.58
42722360-9f14-453c-851e-aadc068affcc_gdc_realn_rehead,mtDNA,MT,6497.44
42da1d41-a034-4c87-af13-615a6d94d0bb_gdc_realn_rehead,mtDNA,MT,1204.41
42de85be-ae4e-47c9-97d9-1b92f1f4569a_gdc_realn_rehead,mtDNA,MT,5429.06
4340a3f4-4b56-432a-949a-655b5f74c2f7_gdc_realn_rehead,mtDNA,MT,5046.33
43e6a77d-38e0-46b9-9040-e016ebcb6896_gdc_realn_rehead,mtDNA,MT,3642.6
442b5275-5bf5-439b-9b82-2a2f49ede40e_gdc_realn_rehead,mtDNA,MT,5825.24
4487bf18-eeee-41bd-a6e8-ae859042feda_gdc_realn_rehead,mtDNA,MT,5916.46
44923b77-7082-4567-9712-1f05207b94d6_gdc_realn_rehead,mtDNA,MT,6408.85
44ab1da4-a195-4f76-a012-393e3fdb5611_gdc_realn_rehead,mtDNA,MT,5663.2
455a3e8d-2074-41af-b082-0fbede72aeea_gdc_realn_rehead,mtDNA,MT,5936.86
4585dd6a-7829-4919-8b36-25d94983144c_gdc_realn_rehead,mtDNA,MT,2132.4
45d24c12-1c69-4b02-8ba2-290a11857a02_gdc_realn_rehead,mtDNA,MT,5493.13
45e0344b-87be-4fe9-b4fc-241bde6bbf4f_gdc_realn_rehead,mtDNA,MT,6263.68
45e61125-c532-4188-85bc-847258e516ed_gdc_realn_rehead,mtDNA,MT,5966.46
4710fc26-1185-4436-b315-db0380bd9080_gdc_realn_rehead,mtDNA,MT,2771.47
4741c9f3-fed1-46ca-836b-264bdb905e89_gdc_realn_rehead,mtDNA,MT,3904.07
47cea585-0a27-424c-a716-69df89183ca4_gdc_realn_rehead,mtDNA,MT,2773.47
47f72c27-1e68-46f1-8df8-8dcf698f058e_gdc_realn_rehead,mtDNA,MT,5817.21
495752ac-1048-48c3-9791-623dbd116a1a_gdc_realn_rehead,mtDNA,MT,4202.6
49ba6931-e906-45e7-9701-9f2b0b6e4df4_gdc_realn_rehead,mtDNA,MT,1489.47
4a1266ef-4c35-48ce-ad81-2bb25f773ac9_gdc_realn_rehead,mtDNA,MT,2238.45
4a32cc85-9d19-454f-8bcd-ca1328ed5be3_gdc_realn_rehead,mtDNA,MT,5784.02
4aa332e6-b4ab-4f56-be49-e8170c64447c_gdc_realn_rehead,mtDNA,MT,4629.67
4ad8a50e-5048-4c11-b2b3-4c67c0a4dbe7_gdc_realn_rehead,mtDNA,MT,5130.74
4b71505f-f386-434f-9d99-a0741ae09ae2_gdc_realn_rehead,mtDNA,MT,5985.12
4c09855d-67c2-46ea-83dc-af80ec3dfeee_gdc_realn_rehead,mtDNA,MT,5785
4c38482a-1651-4e55-816e-acb01999a202_gdc_realn_rehead,mtDNA,MT,4992.52
4c60278c-54a5-4b8c-9ae6-c8cdd5c9ddc0_gdc_realn_rehead,mtDNA,MT,5107.45
4d8bf6c2-5bfa-4ac3-945b-52522a7a0cf9_gdc_realn_rehead,mtDNA,MT,2337.94
4f4a304b-0e65-467e-b07e-155c528ceb15_gdc_realn_rehead,mtDNA,MT,6270.77
4f65e591-fba3-41aa-898f-f9a4fbd7a456_gdc_realn_rehead,mtDNA,MT,6338.82
50b6aa8d-3938-4299-9da3-d518d4d3fc19_gdc_realn_rehead,mtDNA,MT,4407.55
5184a284-2486-4c21-acdd-b52e3b3d014f_gdc_realn_rehead,mtDNA,MT,5303.03
51ccb3d6-e0d2-4729-991e-46809c28a463_gdc_realn_rehead,mtDNA,MT,5136.68
53043feb-0213-4b53-8204-4e6905768234_gdc_realn_rehead,mtDNA,MT,6062.9
53d5d566-f294-448b-ac48-6ffa2ba333b0_gdc_realn_rehead,mtDNA,MT,5451.86
54062cc8-47ba-45da-8b3f-ad5cd845d3e5_gdc_realn_rehead,mtDNA,MT,5188.37
54c0e424-f5cf-4fc9-8891-ab8ee8c10a8d_gdc_realn_rehead,mtDNA,MT,5154.73
553fc948-c34d-4a39-ba90-007f43c989f7_gdc_realn_rehead,mtDNA,MT,5684.42
55427b1d-4160-45fd-a5d4-a72d724e87b4_gdc_realn_rehead,mtDNA,MT,6813.11
556e63fa-344b-4b8f-aeca-cd0bc66370d2_gdc_realn_rehead,mtDNA,MT,3818.94
55878010-15f1-473e-9361-cf31e1780675_gdc_realn_rehead,mtDNA,MT,6438.1
56466297-cbb3-4015-b7e5-5dc386bafaee_gdc_realn_rehead,mtDNA,MT,5927.22
56885fdf-ae09-4478-be99-81bd282715eb_gdc_realn_rehead,mtDNA,MT,5929.19
56b0a104-b20b-4d56-b70d-2e8b925ad37b_gdc_realn_rehead,mtDNA,MT,5141.76
570f3779-f38b-46f0-a3bb-c8b4e7a97291_gdc_realn_rehead,mtDNA,MT,5419.8
5735edb0-5df0-4425-b5db-614e94f1e2db_gdc_realn_rehead,mtDNA,MT,4247.45
57dc603f-e1c0-4fc0-9ed9-76dd5b6f9bd4_gdc_realn_rehead,mtDNA,MT,6146.42
58fb3498-5d7a-458a-a778-d5e0d607f150_gdc_realn_rehead,mtDNA,MT,2123.02
59ccaf6f-f899-4df4-9b52-fc7695e38e2b_gdc_realn_rehead,mtDNA,MT,5718
5a18610b-7150-42ec-86c0-6c2fa4c1e96e_gdc_realn_rehead,mtDNA,MT,3746.54
5a58a203-4295-49a4-9534-5e5d64ba8072_gdc_realn_rehead,mtDNA,MT,5852.09
5a66bb8d-7df6-4655-806d-1451370d27a9_gdc_realn_rehead,mtDNA,MT,5816.45
5ace35cc-50a9-49ec-84fe-dc6476b51b70_gdc_realn_rehead,mtDNA,MT,5113.13
5ae7f9d8-5f6e-49d7-b534-749406ef219a_gdc_realn_rehead,mtDNA,MT,6145.04
5b8d2548-b32e-4abb-9244-a618b1b2852e_gdc_realn_rehead,mtDNA,MT,6542.36
5d1029d3-bcb8-4e73-9f03-08e612ddb0a1_gdc_realn_rehead,mtDNA,MT,5574.31
5d302c0e-bbc1-4b3e-afa2-40e2b4c3ded4_gdc_realn_rehead,mtDNA,MT,4721.06
5e080558-87c4-435a-adae-4979ac558b71_gdc_realn_rehead,mtDNA,MT,4891.21
5e0d7cfd-bdd0-421a-8356-c3dba1558539_gdc_realn_rehead,mtDNA,MT,5769.57
5e10a745-ce02-4f51-a10d-1d2ff6aa7705_gdc_realn_rehead,mtDNA,MT,5802.36
5f0be065-3b20-46c4-955a-d5999c10de09_gdc_realn_rehead,mtDNA,MT,6353.15
60efae24-e2d8-416c-ac92-c972c07b9c35_gdc_realn_rehead,mtDNA,MT,6261.52
61274c16-dddd-4df9-815a-52bc8fdc2462_gdc_realn_rehead,mtDNA,MT,2539.3
61ade99b-6f87-48d1-b094-51237e96a93f_gdc_realn_rehead,mtDNA,MT,4922.8
61e4c92d-c8f5-45f9-a623-5477af66e193_gdc_realn_rehead,mtDNA,MT,5427.03
621a2fb0-0372-4566-b89d-73c31fb9fa15_gdc_realn_rehead,mtDNA,MT,6169.75
622b8be1-0f2b-42cb-b37b-1f6e1c42cc43_gdc_realn_rehead,mtDNA,MT,5175.01
629ff0b5-b038-4dca-892b-52d014026bea_gdc_realn_rehead,mtDNA,MT,5591.63
62f1340d-9f29-47dc-8de8-9489b294723f_gdc_realn_rehead,mtDNA,MT,6005.03
63803549-e417-4bef-b5df-4a4d45525475_gdc_realn_rehead,mtDNA,MT,6037.06
6390b64d-f005-4a35-bceb-21ddbe91ca7b_gdc_realn_rehead,mtDNA,MT,5805.75
63a21fb0-97c3-4bad-b9b2-28236484e675_gdc_realn_rehead,mtDNA,MT,5982.68
64a3e6a5-00fb-4597-ae40-490f9582e08e_gdc_realn_rehead,mtDNA,MT,5925.35
64d942e2-03e9-473e-986f-2b0e0e7efb74_gdc_realn_rehead,mtDNA,MT,5873.66
64e21887-298b-4768-8946-cf8fbfae611c_gdc_realn_rehead,mtDNA,MT,4542.72
650f377d-7d3b-4f04-ad9c-000acca77177_gdc_realn_rehead,mtDNA,MT,6541.54
65839088-5527-4008-9232-142ee8e0e627_gdc_realn_rehead,mtDNA,MT,2844.04
65a9eeca-f426-48d7-bbb6-5b8e50c48866_gdc_realn_rehead,mtDNA,MT,6350.23
67295c38-9cc0-4492-b782-05f762173b63_gdc_realn_rehead,mtDNA,MT,6583.65
67d4b7aa-1d22-4f4b-af8a-40c1cb55585c_gdc_realn_rehead,mtDNA,MT,5340.52
67dd9f18-b0ba-48ef-a01c-cefe2cee9263_gdc_realn_rehead,mtDNA,MT,5688.46
67e0bb40-5006-4c03-839a-8bf3f9383b71_gdc_realn_rehead,mtDNA,MT,5821.65
67e31df5-7c79-4f2c-ad71-1a4bc376c728_gdc_realn_rehead,mtDNA,MT,5399.35
683f4b38-7db7-48c9-a092-95ed77020dec_gdc_realn_rehead,mtDNA,MT,4803.45
692d70a3-ee5a-4fb5-a99f-17cd77bb5274_gdc_realn_rehead,mtDNA,MT,5328.51
693e7634-9033-4f5e-bd11-bd811bc14643_gdc_realn_rehead,mtDNA,MT,5191.47
6a0cd3af-dcb9-484c-b1b3-9775f0d420d6_gdc_realn_rehead,mtDNA,MT,6355.37
6a30bada-db34-45d8-af22-2a185cfc120b_gdc_realn_rehead,mtDNA,MT,1458.76
6b2a28d5-bd0a-4d50-93e2-eb30e1df63de_gdc_realn_rehead,mtDNA,MT,2692.99
6b7dbced-5cd2-47b2-96c8-595f96022294_gdc_realn_rehead,mtDNA,MT,5224.89
6b81ca60-c91e-447d-8658-d3797422e4c7_gdc_realn_rehead,mtDNA,MT,5875.32
6c329a5f-3866-4cc1-9d5e-a43413d188b5_gdc_realn_rehead,mtDNA,MT,5952.34
6cb90565-9ca5-48ee-a258-40ea601c7380_gdc_realn_rehead,mtDNA,MT,1637.97
6cf978de-3700-4532-812a-ea18e9db99d0_gdc_realn_rehead,mtDNA,MT,6061.15
6d839a7d-c199-46ba-a724-567e412491f9_gdc_realn_rehead,mtDNA,MT,5933.78
6dc766aa-8f14-45fb-9fda-91c3cad1b887_gdc_realn_rehead,mtDNA,MT,4801.69
6dcb57d4-3e2c-4331-82ac-118c090939c8_gdc_realn_rehead,mtDNA,MT,6464.27
6dd4b73b-402d-40c7-bdf9-88d9e0b884fd_gdc_realn_rehead,mtDNA,MT,5988.2
6e3dbbf4-ea7c-438f-a944-55adb7c291d5_gdc_realn_rehead,mtDNA,MT,6194.58
6e4ac635-355c-400e-ac34-b1dd2731083c_gdc_realn_rehead,mtDNA,MT,6050.89
6e627740-aff8-401c-a422-72124ddcc3bb_gdc_realn_rehead,mtDNA,MT,5432.68
6e6c5ce6-22d8-415b-bf7e-ebd17aafa134_gdc_realn_rehead,mtDNA,MT,6412.26
6e775578-86ad-4eed-a8fc-04e6932fb458_gdc_realn_rehead,mtDNA,MT,5931.25
6e7c601a-fcc9-4900-9fab-9fee704870c0_gdc_realn_rehead,mtDNA,MT,4397.37
6ee0d570-56f7-4f3b-b4ef-3b61bcbbd80a_gdc_realn_rehead,mtDNA,MT,6365.82
6fc2c0be-53ca-418f-af9b-0a3a20640519_gdc_realn_rehead,mtDNA,MT,4748.82
6fe45113-a972-4513-a09d-7ee22735cc2f_gdc_realn_rehead,mtDNA,MT,6008.93
700b909a-e581-4838-b3c1-b94a6af9094d_gdc_realn_rehead,mtDNA,MT,2012.84
7089a19e-1191-43cb-8eb5-e727e3c11568_gdc_realn_rehead,mtDNA,MT,6827.25
71422d62-6272-4057-a44c-dd1933eaa8b8_gdc_realn_rehead,mtDNA,MT,4822.29
71ec6db2-83f0-46c0-bad4-eb6185f424dc_gdc_realn_rehead,mtDNA,MT,3739.01
71f1c38b-f8a7-444c-bd95-4ba50b20b658_gdc_realn_rehead,mtDNA,MT,5812.94
7237da0d-6f03-4ad6-ade0-53cdfa9d9d36_gdc_realn_rehead,mtDNA,MT,5022.22
72554f0b-f5dc-4b2d-9bd4-e8905ea76a97_gdc_realn_rehead,mtDNA,MT,2872.95
726e24ff-5bc5-4ca4-ba0e-921acd58de55_gdc_realn_rehead,mtDNA,MT,4474.88
733f7529-2a95-4998-9ef6-ee51ee94219b_gdc_realn_rehead,mtDNA,MT,5848.6
7340ec23-6cc9-40cc-928a-5e7ef7aee6d2_gdc_realn_rehead,mtDNA,MT,4760.47
73bb0d91-eaf6-4cc0-bfc5-7d62d7c47c9c_gdc_realn_rehead,mtDNA,MT,6556.55
7441bfa1-cfbc-4032-b321-73c63e3e03f4_gdc_realn_rehead,mtDNA,MT,6684.83
74be9457-39ce-4029-9076-53b0e57d2067_gdc_realn_rehead,mtDNA,MT,5438.29
74ed9e1a-5263-4d95-8ff9-63e5dc9b91b1_gdc_realn_rehead,mtDNA,MT,4317.42
7505607d-48c9-43ab-bce8-283ff7d6ce6c_gdc_realn_rehead,mtDNA,MT,5417.85
7548dffa-bc4a-41f8-aa23-ad733e82706f_gdc_realn_rehead,mtDNA,MT,6123.07
755cf943-64da-48f7-9c92-ebda57d9253a_gdc_realn_rehead,mtDNA,MT,5207.87
75f17276-0648-4ecd-9381-82febb3df410_gdc_realn_rehead,mtDNA,MT,5634
761d3c86-fe0a-4e2f-a766-bc55f5eb60ca_gdc_realn_rehead,mtDNA,MT,6074.94
766f3ef2-d1a3-46a8-9881-966e8e2b9b02_gdc_realn_rehead,mtDNA,MT,6441.88
76a0703a-0540-4ca8-baa8-128a52b0846d_gdc_realn_rehead,mtDNA,MT,5877.86
76a97a0e-a66b-4439-9b16-ea841f882758_gdc_realn_rehead,mtDNA,MT,4922.82
77d538f8-67ac-46df-ae0d-1b5d15aca322_gdc_realn_rehead,mtDNA,MT,6031.97
78c51f79-089a-42e5-acb7-4ba3daef41af_gdc_realn_rehead,mtDNA,MT,6582.22
792a9dd3-28b5-42f5-aa23-e64f47995f9a_gdc_realn_rehead,mtDNA,MT,6253.2
79c5c92d-4f9b-4495-b9ce-957581959297_gdc_realn_rehead,mtDNA,MT,5266.95
7bf2426a-6731-4065-a201-8bce925a16f6_gdc_realn_rehead,mtDNA,MT,5400.44
7c655f4f-eb75-41be-9aba-69dd050a6dd9_gdc_realn_rehead,mtDNA,MT,5550.97
7e92084b-a836-48c0-8868-5704aae62707_gdc_realn_rehead,mtDNA,MT,5979.45
7f274fba-b331-4f6d-b257-66767f383ca8_gdc_realn_rehead,mtDNA,MT,5631.71
7f52e834-0d94-4b6a-8c0d-3648a26c74c7_gdc_realn_rehead,mtDNA,MT,6551.29
800ca390-3744-4ff0-a06a-24f0f003a956_gdc_realn_rehead,mtDNA,MT,1530.53
80146f71-c080-4e91-8965-e385428ba930_gdc_realn_rehead,mtDNA,MT,5676.48
80c84645-5441-4a13-9b44-c5d6b4909d93_gdc_realn_rehead,mtDNA,MT,3928.58
8119c9fe-3782-4452-b257-e508264b8fd1_gdc_realn_rehead,mtDNA,MT,6345.69
81262d4b-a7e0-41fe-a474-03773d38e05e_gdc_realn_rehead,mtDNA,MT,5492.12
815e2d8c-0ef5-4600-a6fb-d5878a67bee2_gdc_realn_rehead,mtDNA,MT,5357.69
81b1a729-4023-467f-b33c-036c59ca0942_gdc_realn_rehead,mtDNA,MT,6276.64
821336cd-4fc5-4050-8e19-92549c352dce_gdc_realn_rehead,mtDNA,MT,6397.91
8240cbf4-714b-4f3e-8b66-1d54bcf5700c_gdc_realn_rehead,mtDNA,MT,5887.52
824c3b4a-f4ef-4f2c-884b-7775b0c2c577_gdc_realn_rehead,mtDNA,MT,5061.94
829fab3d-092a-48a2-9949-fc3fd625658d_gdc_realn_rehead,mtDNA,MT,4969.42
83600741-60b2-459d-b47d-38d532dfe1fc_gdc_realn_rehead,mtDNA,MT,5186.85
841873e1-5f4c-4021-945a-59dd15d96f87_gdc_realn_rehead,mtDNA,MT,5943.61
8442e31c-0e0a-4106-8113-d8d648ea5139_gdc_realn_rehead,mtDNA,MT,5846.59
846a989a-1bd0-482f-b093-a34f56557a17_gdc_realn_rehead,mtDNA,MT,6246.24
84bfd434-d3c1-435c-a185-f30ad364b69e_gdc_realn_rehead,mtDNA,MT,6250.59
853f1e79-a859-434a-af7f-7aca87834957_gdc_realn_rehead,mtDNA,MT,5858.03
8552374a-12c5-4454-9ced-93fe870ecf08_gdc_realn_rehead,mtDNA,MT,6676.53
867a69db-f274-40e5-9545-6c40400031be_gdc_realn_rehead,mtDNA,MT,1455.34
86b579b8-0ae6-4497-abd6-96920e08f7eb_gdc_realn_rehead,mtDNA,MT,5662.15
8835a464-dcad-469a-8534-0e4c16db92ad_gdc_realn_rehead,mtDNA,MT,5771.66
884116a9-378a-4513-b4ce-494e8cf64636_gdc_realn_rehead,mtDNA,MT,5257.51
8885eb17-5ec1-49c2-aa4e-01c7750f7560_gdc_realn_rehead,mtDNA,MT,6103.35
890fb8b9-b15e-4131-9b35-4b6244999caa_gdc_realn_rehead,mtDNA,MT,5107.82
891f2aa5-9a6c-4179-b92f-67a934c073f0_gdc_realn_rehead,mtDNA,MT,1279.08
89b85540-2c4d-4f9a-8ca1-f5f4d96485f2_gdc_realn_rehead,mtDNA,MT,4904.05
89ec7b58-b42c-45fb-a42f-52a86370d49a_gdc_realn_rehead,mtDNA,MT,5190.67
8a036b15-e79e-4e26-8700-cc6ff96ae01f_gdc_realn_rehead,mtDNA,MT,5362.73
8a3e0f0a-4f0e-4f0f-8b3e-9fceba7b5f5f_gdc_realn_rehead,mtDNA,MT,6706.16
8aa57653-1e89-444f-82d1-288c5561fbbe_gdc_realn_rehead,mtDNA,MT,3703.72
8acd9f3f-b203-4c9e-b374-326e3566b170_gdc_realn_rehead,mtDNA,MT,5524.25
8b67d447-c961-4a6f-abcb-efec920b9066_gdc_realn_rehead,mtDNA,MT,5317.12
8cbf17cb-67ca-492f-82be-e749ad6a4b98_gdc_realn_rehead,mtDNA,MT,4666.28
8cda7f9e-1950-431c-ad11-d9f7a106deb7_gdc_realn_rehead,mtDNA,MT,3472.27
8dd74a0e-e86f-472c-952d-c4fab0c679fc_gdc_realn_rehead,mtDNA,MT,6504.28
8e370fa8-00d4-4986-b905-a507517ce6d8_gdc_realn_rehead,mtDNA,MT,6119.16
8f2741bc-e876-4acb-ab86-b90e88330644_gdc_realn_rehead,mtDNA,MT,4303.73
8ffe8020-a408-4007-ab84-5883149e36c4_gdc_realn_rehead,mtDNA,MT,5529.41
90233afc-bc3f-450e-a96c-6f5b754d2749_gdc_realn_rehead,mtDNA,MT,6010.92
911906da-bdde-44bd-9a53-0c676959a8f4_gdc_realn_rehead,mtDNA,MT,4943.81
914d96ca-bf62-4023-b536-f6527f7af929_gdc_realn_rehead,mtDNA,MT,6258.25
9156b800-c9f6-494f-a832-66907ebf5a42_gdc_realn_rehead,mtDNA,MT,6554.91
917a6ffc-9078-487d-b0fb-99708819a6e3_gdc_realn_rehead,mtDNA,MT,5413
9233b447-8b45-4a8b-b500-1c40459d4c38_gdc_realn_rehead,mtDNA,MT,4452.44
923cf96c-4818-443e-848c-d37831c7600b_gdc_realn_rehead,mtDNA,MT,5661.87
92d91508-7894-4d4d-b51e-748c367835ec_gdc_realn_rehead,mtDNA,MT,5820.88
9308cfb3-1931-4e3e-92ff-efba26874029_gdc_realn_rehead,mtDNA,MT,5177.17
932760c0-da82-4c5e-9ded-a16d66ab901f_gdc_realn_rehead,mtDNA,MT,5909.95
93387379-19eb-49d9-8bd8-b788bc34f146_gdc_realn_rehead,mtDNA,MT,6304.13
93698f1f-65e2-49d6-bc2a-1f7b720e4a35_gdc_realn_rehead,mtDNA,MT,4981.78
951e0b63-e11e-4a2c-8ca3-539e57edf021_gdc_realn_rehead,mtDNA,MT,5003.44
953f2f07-f163-43c9-9762-112d07533f4e_gdc_realn_rehead,mtDNA,MT,6347.76
95426575-1918-4dcb-839a-5399bf441b71_gdc_realn_rehead,mtDNA,MT,6275.73
964e7cc2-be12-46c0-9a48-9d680c3b45f2_gdc_realn_rehead,mtDNA,MT,6143.71
9689e655-bfe7-4a5d-820d-e10550568e18_gdc_realn_rehead,mtDNA,MT,5125.11
96c55f10-fe83-4c4a-96ca-9884249e1c5d_gdc_realn_rehead,mtDNA,MT,6516.18
97213ae3-3d55-4d5c-9ab7-aaedb58adf91_gdc_realn_rehead,mtDNA,MT,5009.86
97ccb4e0-a0b0-4541-88f9-af010324ab7e_gdc_realn_rehead,mtDNA,MT,5061.97
98114139-5bc5-44a9-b2ce-c69093a1dff1_gdc_realn_rehead,mtDNA,MT,5782.79
9887451c-e87f-4fac-b552-bf9c31ad8a07_gdc_realn_rehead,mtDNA,MT,6167.27
98b20326-22f4-49f1-90b1-9fdde8d1bc51_gdc_realn_rehead,mtDNA,MT,5546.72
98de92bf-93b2-4d62-b097-d96c2fcd6f97_gdc_realn_rehead,mtDNA,MT,6246.16
9ab58d05-8930-4a78-b233-1200279ffc55_gdc_realn_rehead,mtDNA,MT,4809
9abb3170-120c-4724-84db-664aabd17898_gdc_realn_rehead,mtDNA,MT,5961.36
9ada9975-6670-40c2-9073-05e75d45bc21_gdc_realn_rehead,mtDNA,MT,6402.38
9b219189-feb7-42a2-81fd-c35fef0bb8db_gdc_realn_rehead,mtDNA,MT,4067.72
9b83c397-a996-4787-8341-710bb990ca45_gdc_realn_rehead,mtDNA,MT,5332.16
9b96860f-7717-46b3-8ab7-2f7d9796c1d4_gdc_realn_rehead,mtDNA,MT,1454.64
9c6a2c74-187d-42e2-bcc1-44d26364215d_gdc_realn_rehead,mtDNA,MT,6662.35
9cd22571-db06-4af5-864f-0628af4d3dbd_gdc_realn_rehead,mtDNA,MT,4973.32
9d3f9112-751d-4cdd-8cd6-bbe1bb315955_gdc_realn_rehead,mtDNA,MT,5393.38
9d428beb-c46f-4adf-8be2-d6e77851c7e7_gdc_realn_rehead,mtDNA,MT,5859.08
9d722140-b468-459b-a786-cd7646b56cbb_gdc_realn_rehead,mtDNA,MT,6050.16
9e7fd6f2-ff53-4bda-aeac-2acddcfbf37d_gdc_realn_rehead,mtDNA,MT,5248.66
9edef544-8bc3-4a4a-adba-36223de21586_gdc_realn_rehead,mtDNA,MT,6383.99
9f760775-9d20-4973-a849-a807f568e525_gdc_realn_rehead,mtDNA,MT,6108.22
9f809399-b8bf-4a21-a703-14464e6594eb_gdc_realn_rehead,mtDNA,MT,4101.99
9f87923d-0659-4df8-9676-38aded7de3eb_gdc_realn_rehead,mtDNA,MT,5873.72
9f899358-c9ba-47a2-a264-7915d772dc81_gdc_realn_rehead,mtDNA,MT,4656.48
a0793d91-afe3-4f62-b425-3a6f94f92ed9_gdc_realn_rehead,mtDNA,MT,5993.47
a09082f9-bad5-4f1c-a398-88baf7401bad_gdc_realn_rehead,mtDNA,MT,6683.94
a1b7941c-ce5c-4c52-99fa-be6865291240_gdc_realn_rehead,mtDNA,MT,6095.27
a39f7ad4-bfeb-45ca-bf5c-23c6ff1f0d7a_gdc_realn_rehead,mtDNA,MT,6039.54
a4315a1f-9285-4dad-bad4-13c6d1f12516_gdc_realn_rehead,mtDNA,MT,4612.16
a4a5c7e9-c536-4e87-b337-eb5a003ba9fe_gdc_realn_rehead,mtDNA,MT,5674.26
a4d99f39-4f7a-4cbe-ad25-7b6c25b8e6a1_gdc_realn_rehead,mtDNA,MT,6272.46
a53b56fb-04c3-402c-9236-0bdbd80da2b8_gdc_realn_rehead,mtDNA,MT,4497.95
a54c5d55-6974-4261-bf32-b41ee24605d9_gdc_realn_rehead,mtDNA,MT,6408.27
a599d37f-d90f-44a3-b336-d60ebc12665d_gdc_realn_rehead,mtDNA,MT,6230.5
a5e9d1ee-2e45-4f48-b50d-11f118fc25a2_gdc_realn_rehead,mtDNA,MT,4828.45
a6292387-ee50-4b41-9e8f-e77107d74a27_gdc_realn_rehead,mtDNA,MT,6162.32
a6fce128-efab-417a-813e-77c5c4ed49dc_gdc_realn_rehead,mtDNA,MT,4502.92
a7849c6c-939a-403c-91d4-948dff40c78a_gdc_realn_rehead,mtDNA,MT,5487.21
a8d44728-8193-4fe6-adcc-fe792481fec7_gdc_realn_rehead,mtDNA,MT,6247.26
a9080a2d-bb8a-4632-b18e-f833384425b7_gdc_realn_rehead,mtDNA,MT,5342.89
a9fa477c-8299-41e4-aa5d-e0ae6801a201_gdc_realn_rehead,mtDNA,MT,4472.96
aa44f578-7400-4ef8-b1b0-8c369bfda870_gdc_realn_rehead,mtDNA,MT,6326.45
aaf852e9-65a1-415a-88c1-0c40e0dadf18_gdc_realn_rehead,mtDNA,MT,5673.12
ab0357e0-fabc-4639-afde-ce44a2ba835f_gdc_realn_rehead,mtDNA,MT,5637.79
ac3c9707-fb5f-472b-8c05-43ef473f2cf9_gdc_realn_rehead,mtDNA,MT,6519.56
ac4b4447-432f-4b81-9abc-dff196dd48be_gdc_realn_rehead,mtDNA,MT,5649.97
ac545a99-b3ab-4917-836b-031903d738d3_gdc_realn_rehead,mtDNA,MT,5604.87
ac930f2b-fa81-4cde-96f2-78484b647696_gdc_realn_rehead,mtDNA,MT,6070.37
ad637a0e-cf79-4abf-b91d-4e3f578149c7_gdc_realn_rehead,mtDNA,MT,5681.55
ad779f07-1d5e-4720-be52-4d031146349f_gdc_realn_rehead,mtDNA,MT,5113.22
ada0db16-af3b-43ce-97e0-ffd75e7fcd66_gdc_realn_rehead,mtDNA,MT,5992.01
ada7d989-08c8-4639-8298-e0ff3788b030_gdc_realn_rehead,mtDNA,MT,5983.69
af2719bb-3eb8-4d96-add9-3f44ca91e6ae_gdc_realn_rehead,mtDNA,MT,2182.4
af288cac-29cd-4451-8d3f-6a32fc3e6ab5_gdc_realn_rehead,mtDNA,MT,5042.57
af360a37-2759-449e-b087-853022490864_gdc_realn_rehead,mtDNA,MT,5511.99
af6c4fb2-34da-4cbb-b72f-69f4de426ced_gdc_realn_rehead,mtDNA,MT,4047.47
af946380-8cb3-4066-a814-93dbe06182aa_gdc_realn_rehead,mtDNA,MT,5243.96
b04cbefe-48d2-40ca-9230-18566adbe9ee_gdc_realn_rehead,mtDNA,MT,6257.84
b068f692-cfa5-4af2-afca-25effe6d78bf_gdc_realn_rehead,mtDNA,MT,6537.79
b06d1e8a-4083-4619-8f19-14bb5250b8bf_gdc_realn_rehead,mtDNA,MT,5581.65
b172cf09-d25d-4865-8acb-866770e3f0d9_gdc_realn_rehead,mtDNA,MT,6875.44
b2b94908-945e-4a92-add4-e658d5a675f9_gdc_realn_rehead,mtDNA,MT,5926.05
b2eab631-2e3e-4b65-87fc-a2592b464e45_gdc_realn_rehead,mtDNA,MT,6147.47
b377ece0-2aa1-47e9-bfe2-bdf45772e5d3_gdc_realn_rehead,mtDNA,MT,6301.99
b4338016-9ea2-4923-9cf4-64fccafa3fc3_gdc_realn_rehead,mtDNA,MT,6024.5
b437694e-67b5-4bb6-a285-1bc78e52dfa0_gdc_realn_rehead,mtDNA,MT,6098.03
b4af3d29-7cf7-469b-aab5-a5a3756b86ab_gdc_realn_rehead,mtDNA,MT,5564.77
b4b4f1c0-619b-4be7-b12d-7a75964145a9_gdc_realn_rehead,mtDNA,MT,6683.1
b4f01540-6a25-4ef6-8903-d74d639b1a2c_gdc_realn_rehead,mtDNA,MT,5616.24
b551a3be-3e32-4ae7-823e-0f4753da8965_gdc_realn_rehead,mtDNA,MT,5800.84
b6c7b112-81cb-4ae6-b604-1564eabc7aec_gdc_realn_rehead,mtDNA,MT,2561.38
b7153e44-127c-43c2-a5ab-2f5974d16d48_gdc_realn_rehead,mtDNA,MT,5986.37
b77fa2a0-902b-4a38-9944-83d956a4969b_gdc_realn_rehead,mtDNA,MT,6599.06
b79a9278-cdfb-429b-8439-f78b61b2a463_gdc_realn_rehead,mtDNA,MT,6240.15
b7b8be68-e8b7-44bd-90af-e4ac937c6099_gdc_realn_rehead,mtDNA,MT,5589.18
b7e85d12-23f5-4be5-aafb-c4706eae58e7_gdc_realn_rehead,mtDNA,MT,5995.55
b8904881-f41a-4e7b-9b16-7364f4392c29_gdc_realn_rehead,mtDNA,MT,6084.54
b91daf0b-045f-48b9-8323-705e23db9ef8_gdc_realn_rehead,mtDNA,MT,5025.94
b95bf0a9-afca-47c5-9f48-f7de055e21bc_gdc_realn_rehead,mtDNA,MT,5497.15
b9cc9fa8-a779-4737-ae96-d045be1a83c9_gdc_realn_rehead,mtDNA,MT,4042.61
ba3418e3-a846-47e1-8eb4-e71f17277dad_gdc_realn_rehead,mtDNA,MT,4077.95
ba5834b9-26c7-4be4-bc36-c6483dfd73de_gdc_realn_rehead,mtDNA,MT,5955.24
babc500d-32ca-4140-a0b8-0b6026d7a184_gdc_realn_rehead,mtDNA,MT,4221.47
bbaa6853-6001-4323-a536-efe506d34b9c_gdc_realn_rehead,mtDNA,MT,5940.4
bc09c87b-2952-412e-a097-7e6fa6773f9f_gdc_realn_rehead,mtDNA,MT,6259.12
bcaf7e2c-5a20-4ac8-95f4-7a4d985d6b00_gdc_realn_rehead,mtDNA,MT,6636.01
bcc8e80a-c06c-4a1a-b308-9957fc3ca5d4_gdc_realn_rehead,mtDNA,MT,4659.45
bd743bbb-643e-4598-9cc1-76b335728875_gdc_realn_rehead,mtDNA,MT,5563.09
be086d64-2023-4de5-b300-798b05b296fc_gdc_realn_rehead,mtDNA,MT,4406.91
be1802ce-9656-4628-8b4d-725cf33b9177_gdc_realn_rehead,mtDNA,MT,6150.25
bf0af5cc-bc1c-4d6f-bd02-b47e61d98340_gdc_realn_rehead,mtDNA,MT,5598.59
bf42e41f-19ac-40c7-abde-ee23378f4606_gdc_realn_rehead,mtDNA,MT,6161.33
c0994e02-1842-4736-a010-78275693e2ab_gdc_realn_rehead,mtDNA,MT,5247.96
c09dfd1e-73dd-467e-819a-f3ecb74ada72_gdc_realn_rehead,mtDNA,MT,5810
c0c2b41b-a1ab-4807-8884-031bcf0f2d78_gdc_realn_rehead,mtDNA,MT,6498.71
c0ea0338-0bfb-4efa-a782-1c8b64b497b9_gdc_realn_rehead,mtDNA,MT,5080.5
c1c5ced4-6edd-49fb-aa3e-39fb4fcb160a_gdc_realn_rehead,mtDNA,MT,6353.67
c2555505-efaf-47e8-aa78-7a66231fe7d3_gdc_realn_rehead,mtDNA,MT,5720.36
c292261b-d8e9-4245-936a-884d0c5f2544_gdc_realn_rehead,mtDNA,MT,6663.62
c3210016-4c75-4266-89df-ff09a7cc0f81_gdc_realn_rehead,mtDNA,MT,1915.67
c3eb5df6-2a9d-4a29-b59e-f61957650342_gdc_realn_rehead,mtDNA,MT,4693.45
c4136b84-6002-46f2-ad53-6357680c46c4_gdc_realn_rehead,mtDNA,MT,5089.89
c4ad66f0-aeaa-4403-83f2-9de01fbdf121_gdc_realn_rehead,mtDNA,MT,6170.57
c53a091b-d7e6-4dbb-9fb1-b79798e3be40_gdc_realn_rehead,mtDNA,MT,6112.81
c60209c8-100c-49b0-b218-b587d8c160d4_gdc_realn_rehead,mtDNA,MT,6791.11
c6173474-4555-47b3-8e79-08b77529d305_gdc_realn_rehead,mtDNA,MT,3771.99
c62f1332-cebf-46a8-a448-a5b8e9882076_gdc_realn_rehead,mtDNA,MT,6067.27
c647c365-4730-45de-8fec-2e4b4210a25a_gdc_realn_rehead,mtDNA,MT,4763.76
c662eb1e-d0f9-4e36-b07a-1464ba06ff99_gdc_realn_rehead,mtDNA,MT,3810.1
c6ce140f-895e-4384-8a91-d359f192b805_gdc_realn_rehead,mtDNA,MT,5680.1
c6edc4ab-9844-45e2-8f04-e66c7280329b_gdc_realn_rehead,mtDNA,MT,5941.43
c6fef9a2-3a47-4e2f-abf8-47a8eabaed17_gdc_realn_rehead,mtDNA,MT,6365.49
c704a41c-b658-40bd-82ee-f417a8860d4a_gdc_realn_rehead,mtDNA,MT,5202.75
c724c63a-bd1c-4c3a-bb6e-a45851bc1cff_gdc_realn_rehead,mtDNA,MT,4485.23
c739403e-b979-448f-87d5-eaef6b7cc829_gdc_realn_rehead,mtDNA,MT,5556.39
c79b1fee-717f-4bda-a7ce-79fa09f704e3_gdc_realn_rehead,mtDNA,MT,5723.3
c7db9199-aa72-49b6-824a-4513d49bf40b_gdc_realn_rehead,mtDNA,MT,3774.64
c8a86902-3b21-4dd8-afca-231838fafbcb_gdc_realn_rehead,mtDNA,MT,5190.72
c9ac23a7-7132-4a77-b0b4-02421392b007_gdc_realn_rehead,mtDNA,MT,6535.55
ca97ca14-28e1-45d3-b1b4-3976528c87d3_gdc_realn_rehead,mtDNA,MT,5920.12
cbabb77b-4b76-470f-9954-93cad1dcc648_gdc_realn_rehead,mtDNA,MT,5870.74
cbde09af-ba6c-4271-ad17-cd8eba0953da_gdc_realn_rehead,mtDNA,MT,5603.66
cbff9d45-b584-436a-8eb5-105282b7e108_gdc_realn_rehead,mtDNA,MT,4820.3
cc3ad632-c9d1-4d39-a88e-d96e16546502_gdc_realn_rehead,mtDNA,MT,3495.24
cc9f53c7-cccd-4b31-8c6e-703f38f52793_gdc_realn_rehead,mtDNA,MT,5849.16
ccbc3839-3872-4593-8470-0d2fafef8b43_gdc_realn_rehead,mtDNA,MT,6160.5
ce808b0c-3489-40a1-bd93-6560a86eadf9_gdc_realn_rehead,mtDNA,MT,7022.43
cf295bbd-412b-4069-8b65-5e2aeafa5860_gdc_realn_rehead,mtDNA,MT,4716.33
cf848204-ab90-43d5-b51a-636e2ea53251_gdc_realn_rehead,mtDNA,MT,5324.89
cfa6da64-1aaf-4768-b0e2-441f107b20b5_gdc_realn_rehead,mtDNA,MT,5694.79
cfb9de97-4c33-4dc1-a215-eada38f46002_gdc_realn_rehead,mtDNA,MT,2522.5
d036c11a-07b9-4ce3-b864-e6162006b99f_gdc_realn_rehead,mtDNA,MT,4946.69
d04d83a4-fbe1-4b6a-a48d-2950394a67bb_gdc_realn_rehead,mtDNA,MT,5397.78
d0979620-999f-44c7-9e8b-44548f7927ef_gdc_realn_rehead,mtDNA,MT,5669.7
d0a10942-3ebe-4702-8a98-49be26383c1d_gdc_realn_rehead,mtDNA,MT,6129.63
d183f094-597f-496e-abf4-8f77f0a66803_gdc_realn_rehead,mtDNA,MT,6173.37
d1ca3c75-618e-4bb8-ba23-d6fb5c6ed498_gdc_realn_rehead,mtDNA,MT,6233.85
d200955d-d630-4f29-9751-49b426799910_gdc_realn_rehead,mtDNA,MT,2954.9
d21f8c84-d0e2-421e-bcb8-5235fc94e8b0_gdc_realn_rehead,mtDNA,MT,6521.6
d3122e5e-854d-42be-a486-35f34cf21375_gdc_realn_rehead,mtDNA,MT,5178.11
d31d667b-4a5a-4e59-87fb-cc7503d52fd1_gdc_realn_rehead,mtDNA,MT,5460.88
d3467666-fc2e-41f7-95d2-215c7e36c715_gdc_realn_rehead,mtDNA,MT,4633.33
d36f19ee-d391-42b2-a07e-c5cdd8ff825a_gdc_realn_rehead,mtDNA,MT,5308.37
d3ff4a36-36de-43c1-a69b-0f28349ffedd_gdc_realn_rehead,mtDNA,MT,2397.35
d42a6fe0-8988-43ec-93fb-eec85f3dfd62_gdc_realn_rehead,mtDNA,MT,5028.76
d4da4d75-2b9d-4452-a759-fc1b95424d1a_gdc_realn_rehead,mtDNA,MT,6142
d58dcefa-3885-4908-a31d-f3ec29731b89_gdc_realn_rehead,mtDNA,MT,5133.89
d695f549-ae64-4250-bc73-0797ae12dbb9_gdc_realn_rehead,mtDNA,MT,4983.78
d6fd59c2-67e4-4210-b767-49a70081e088_gdc_realn_rehead,mtDNA,MT,6031.52
d7e713bb-dfc3-44d4-bef8-0cea378021f3_gdc_realn_rehead,mtDNA,MT,2693.69
d8183508-e323-4a1f-ac65-4b89c848247f_gdc_realn_rehead,mtDNA,MT,4894.44
d8a50613-18b9-4b66-bbb2-2e602181e159_gdc_realn_rehead,mtDNA,MT,5054.06
d8bf6c8b-b1ef-4bd2-80dd-4942a92004ff_gdc_realn_rehead,mtDNA,MT,6125.74
d908f378-a7f0-4f06-8e44-1da223489b11_gdc_realn_rehead,mtDNA,MT,5969.7
d9108047-f316-4592-ae17-21e3f814f430_gdc_realn_rehead,mtDNA,MT,5687.11
db070141-5d9d-448c-9f97-a0737762c9c2_gdc_realn_rehead,mtDNA,MT,4192.36
db5ec268-8a17-42af-98c9-b9101ba35b4e_gdc_realn_rehead,mtDNA,MT,6383
dbfa3bd7-1875-4d2f-9ff2-3c44e7f00a63_gdc_realn_rehead,mtDNA,MT,5025.37
dc959928-cf3f-4086-b677-6781aabcd9cf_gdc_realn_rehead,mtDNA,MT,3781.99
dd5bc467-74b5-4e1f-95f5-0a7ce776d5d8_gdc_realn_rehead,mtDNA,MT,6244.69
ddd400df-3376-447a-859b-7415a679eb46_gdc_realn_rehead,mtDNA,MT,3976.42
de162e91-f450-4632-8779-d24839cd7769_gdc_realn_rehead,mtDNA,MT,5787.17
de1a0b2a-4889-4f85-97de-f76b326810be_gdc_realn_rehead,mtDNA,MT,3458.48
de224e71-2a83-4a83-b224-5d2f5e2634d6_gdc_realn_rehead,mtDNA,MT,6426.19
de3be65f-e5f2-4cd1-8617-c8ca750d26c6_gdc_realn_rehead,mtDNA,MT,4973.35
df2b8be0-d350-4040-b7e0-3010af884088_gdc_realn_rehead,mtDNA,MT,6268
df3bbe0f-5c32-4a81-9826-95ddf6c023d9_gdc_realn_rehead,mtDNA,MT,6098.62
df834a10-2831-4dc4-b627-393d25f3b802_gdc_realn_rehead,mtDNA,MT,5245.12
df879d51-77e7-4e0e-a971-fee30a730693_gdc_realn_rehead,mtDNA,MT,6717.68
e0b53534-5cb2-47aa-9307-038b5774047f_gdc_realn_rehead,mtDNA,MT,5829.82
e1401cdb-f005-41c9-b6bc-4d0f16b9fe0a_gdc_realn_rehead,mtDNA,MT,6022.01
e2719657-ea1e-4320-8ddf-71d6d38edc59_gdc_realn_rehead,mtDNA,MT,6440.13
e3a8f442-5157-4153-8ca1-9dfb11b8992c_gdc_realn_rehead,mtDNA,MT,6071.06
e3c8680d-9811-46f6-ad67-fcbe90a7643c_gdc_realn_rehead,mtDNA,MT,5503.85
e3d8e66a-e824-4cd9-8286-82ea6e89c61b_gdc_realn_rehead,mtDNA,MT,5362.58
e43a9fd6-972b-47a1-9980-3a48d6c319cc_gdc_realn_rehead,mtDNA,MT,5948.46
e442424c-d90a-4590-9ec3-ab277915ebe8_gdc_realn_rehead,mtDNA,MT,5399.22
e4772ebe-e255-414a-9a45-c8cb8da4cf3e_gdc_realn_rehead,mtDNA,MT,5009.87
e4d6bbe2-27f8-4e94-bc61-d1461699b303_gdc_realn_rehead,mtDNA,MT,5458.54
e517a5a8-7e15-4a0d-a9ad-8043e9e219ed_gdc_realn_rehead,mtDNA,MT,5448.6
e5202865-61df-41d8-8b86-214f9c31dee9_gdc_realn_rehead,mtDNA,MT,6576.35
e520ef9a-1809-4173-8ecb-5d27ce34e289_gdc_realn_rehead,mtDNA,MT,6094.78
e5a46b37-23a4-4314-bf69-0bc355587db8_gdc_realn_rehead,mtDNA,MT,5038.61
e61b8a2e-0004-4dec-ac69-8a6f1bd91267_gdc_realn_rehead,mtDNA,MT,4436.71
e6546ed1-a2ce-4e0d-bc91-4d8eafafd320_gdc_realn_rehead,mtDNA,MT,5676.09
e66bf758-e262-41f7-8493-7b0e1816fd7d_gdc_realn_rehead,mtDNA,MT,1205.32
e766131f-2121-476e-bf3a-d672727305d8_gdc_realn_rehead,mtDNA,MT,4773.29
e7a13a3e-e7d4-460b-a3ed-3743c53539e8_gdc_realn_rehead,mtDNA,MT,5989.22
e83ffc55-add9-4950-9bc4-d6b096b41b85_gdc_realn_rehead,mtDNA,MT,6191.97
e8a61b15-385b-4315-8186-d5861329d1af_gdc_realn_rehead,mtDNA,MT,2843.67
e958ee07-138e-4a6d-a636-162fb43415f7_gdc_realn_rehead,mtDNA,MT,5640.41
e97040ce-2652-417b-986c-d7955b149486_gdc_realn_rehead,mtDNA,MT,6681.9
eb1730cb-d70f-42c0-baff-9c184624fafe_gdc_realn_rehead,mtDNA,MT,3944.07
ebc14cb5-9fc1-4e53-9bcd-12f7cd8abd5b_gdc_realn_rehead,mtDNA,MT,5479.26
ebc9000d-cd65-4bef-9970-05ac2765c635_gdc_realn_rehead,mtDNA,MT,1163.48
ebf6d5b9-6359-46d9-9e73-066a15b5f903_gdc_realn_rehead,mtDNA,MT,5491.26
ec1f4523-1e3c-40ea-b1ca-9c8d45c4b2f1_gdc_realn_rehead,mtDNA,MT,5969.7
ec3083b6-01bf-4786-b497-6386cf8c8c2f_gdc_realn_rehead,mtDNA,MT,5598.91
ec45c6b7-4f9d-4ed0-88c5-e299bb080796_gdc_realn_rehead,mtDNA,MT,2883.57
ed62afa2-3aba-4145-87cf-81fd83995bcc_gdc_realn_rehead,mtDNA,MT,5637.62
ed7cb4ed-535d-4a6a-b69f-f32e36a70bfa_gdc_realn_rehead,mtDNA,MT,5710.53
ede95e93-3dbc-4466-a13b-3760fdac6725_gdc_realn_rehead,mtDNA,MT,6653.71
edec2c3f-f55f-49f8-aef2-06a59b916223_gdc_realn_rehead,mtDNA,MT,6025.03
edf8425b-8f0e-46d0-9414-c3c34bdd1825_gdc_realn_rehead,mtDNA,MT,3759
eea9c3ca-f66c-471e-8de8-b13af4bc3035_gdc_realn_rehead,mtDNA,MT,6196.08
ef02f153-1aa1-443b-a2ec-acfb0d4df642_gdc_realn_rehead,mtDNA,MT,6436.88
ef7f7b28-be50-473c-8ef2-024df14ab9db_gdc_realn_rehead,mtDNA,MT,4199.66
ef83997e-5078-41b9-88bb-c8a7797de7b9_gdc_realn_rehead,mtDNA,MT,5628.3
efdefcf1-058e-4a6f-94f7-025281072a57_gdc_realn_rehead,mtDNA,MT,6134.08
f0230c35-06f0-4ef2-ad92-cdead9cd3612_gdc_realn_rehead,mtDNA,MT,5668.34
f0834293-e53f-4da7-98d2-58c8c806ece4_gdc_realn_rehead,mtDNA,MT,6272.45
f09dc623-3571-49dd-a03c-39d2339bee6b_gdc_realn_rehead,mtDNA,MT,5865.57
f1e561b4-5885-4237-aad3-b8d3086a4a91_gdc_realn_rehead,mtDNA,MT,5287.72
f2d675c9-7f81-4316-ab53-32603e23cef2_gdc_realn_rehead,mtDNA,MT,5890.98
f30a90f0-d618-4203-84ec-1a541c937422_gdc_realn_rehead,mtDNA,MT,5034.02
f352439c-7abf-4d58-8cd2-d2f8293e01b8_gdc_realn_rehead,mtDNA,MT,6340.72
f3b4ecc6-9529-4e99-8c82-097c79cdb18d_gdc_realn_rehead,mtDNA,MT,3416.83
f493fc9c-abd8-4623-b03b-6300c13a3198_gdc_realn_rehead,mtDNA,MT,5468.39
f4f6d8c0-a78d-4ee1-93e1-48a8c9d23cb4_gdc_realn_rehead,mtDNA,MT,6149.74
f506727a-caaa-47e2-9743-aa6a695d85f4_gdc_realn_rehead,mtDNA,MT,4169.87
f51b0451-6e87-478f-be27-e435716baa58_gdc_realn_rehead,mtDNA,MT,6063.14
f65f08cc-70e8-4ff0-b96f-2105c8e9e3b5_gdc_realn_rehead,mtDNA,MT,4794.17
f6964ff1-86fc-4c15-9c8a-6483e730d6ca_gdc_realn_rehead,mtDNA,MT,6288.19
f6ad3404-02e4-43cf-9635-53194a0ce6eb_gdc_realn_rehead,mtDNA,MT,5704.01
f6bbc724-a65b-4dff-bf3f-8860c8f3f6c0_gdc_realn_rehead,mtDNA,MT,5371.7
f7f51052-0994-49aa-b55a-f84b21429e80_gdc_realn_rehead,mtDNA,MT,1555.3
f80010ab-f72c-4bca-864d-e36fef38d2f6_gdc_realn_rehead,mtDNA,MT,6640.76
f961d2bf-a79d-424e-bdde-b61be23a812d_gdc_realn_rehead,mtDNA,MT,6919.31
f9b76a95-3662-4d4f-af06-0c2c270934fe_gdc_realn_rehead,mtDNA,MT,5923.5
fa48365f-fe1b-44e6-94fc-c52b8a1ed7a0_gdc_realn_rehead,mtDNA,MT,6103.81
fa7246ef-c9ef-4494-9a5c-31b6eb90e802_gdc_realn_rehead,mtDNA,MT,4632.7
fa78346e-fefc-402c-90ed-9eb47b7535c9_gdc_realn_rehead,mtDNA,MT,4496.95
fa873c9a-307c-4648-bc8e-7f378cba203b_gdc_realn_rehead,mtDNA,MT,6085.31
faa037d3-17a1-4fc7-a97d-b1cc7939b63a_gdc_realn_rehead,mtDNA,MT,5254.01
fab69797-095e-43b5-bb4f-1352f189b74b_gdc_realn_rehead,mtDNA,MT,6147.13
fb0ea13e-3101-49ea-a6c7-16bd08e1f4e7_gdc_realn_rehead,mtDNA,MT,6718.71
fb58711e-3506-44e3-b668-e69a823a2f81_gdc_realn_rehead,mtDNA,MT,5786.21
fb891a85-37cc-4dd6-a809-7a0ebbb9ad62_gdc_realn_rehead,mtDNA,MT,5330.37
fb9ed024-85f7-4d1d-95a1-fc8dd94b9fd7_gdc_realn_rehead,mtDNA,MT,6097.7
fc1eb4dd-f37e-4083-81cf-1f66df5d9e35_gdc_realn_rehead,mtDNA,MT,5077.3
fc54ebaf-5f7e-4f81-964d-832b771fec36_gdc_realn_rehead,mtDNA,MT,5970.49
fcbdf83c-a4a2-4af4-ab23-8d7371516786_gdc_realn_rehead,mtDNA,MT,5415.15
fd115281-11b4-40c6-8630-302d801c1a2b_gdc_realn_rehead,mtDNA,MT,4765.11
fd89981a-e0ad-425b-a456-60edba4bd7a5_gdc_realn_rehead,mtDNA,MT,4361.42
fed55b2d-2c04-4a5b-b714-38962c061f72_gdc_realn_rehead,mtDNA,MT,5587.26
ff2933b8-ae30-4496-9c79-3a99c10961a2_gdc_realn_rehead,mtDNA,MT,6149.66
ff339b43-5721-4531-a826-e6f3fec3eda5_gdc_realn_rehead,mtDNA,MT,4698.51
ff66bffd-adb7-4988-b1b9-fee069234eff_gdc_realn_rehead,mtDNA,MT,5592.01
ffcb5ac6-a396-4fae-a4f5-08760f13e96c_gdc_realn_rehead,mtDNA,MT,5901.56
ffd63a6c-92e0-44cd-a6d4-a0cd86b59209_gdc_realn_rehead,mtDNA,MT,6345.69
